0.000000,-0.422468,1.132397,1.193760,1.646589,-1.209795,-0.659109,1.072918,-0.888901,0.215880,-0.090412,0.515484,-0.540862,0.053604,1.808919,1.664780,0.542847,0.869188,-1.433590,0.427876,-1.934798,-1.028453,-1.451074,1.216707,-1.373284,-0.396222,-1.480838,-1.564765,1.995698,-1.126972,0.051730,1.356449,0.450559,-0.815874,0.550209,0.097149,-0.025668,1.891100,-0.829933,1.085431,0.106980,1.079655,-0.399086,1.566118,-0.866741,-0.590167,1.230898,1.676106,-1.720979,1.797308,0.103981,-1.655777,-1.231145,0.652908,1.560930,-0.604428,-1.743315,-1.919908,-0.169193,-1.747617,-1.046880,1.882537,1.608832,1.403679,-0.933337,0.159041,-0.499172,1.040995,0.050141,0.670895,0.126426,-1.842879,-0.249450,1.727340,1.723239,0.883809,-0.862826,0.954137,0.559915,-0.583805,0.751446,-1.336103,-0.239582,1.520301,1.316804,-0.678651,-1.084127,1.573490,-0.598559,0.746680,1.825873,0.354561,0.629216,1.434705,-0.241760,1.695879,-0.406253,1.259068,0.736874,1.643888,0.000000
0.000000,-0.323424,-0.213030,-1.604570,1.098637,1.169246,-1.853936,-1.109591,-1.177143,-1.940772,-1.149420,-1.850375,-1.873575,-1.883957,-1.642281,-1.836976,-1.123456,-0.929731,0.582576,-1.639481,-1.247008,-0.167844,-0.975088,-1.854016,-0.969659,-1.400472,-0.862843,-1.077291,-0.560231,-1.873387,-1.140810,-1.987076,-1.522485,0.557833,-1.359461,-0.130117,-1.972183,-1.975981,-1.826421,-1.220210,-1.563652,-1.286744,1.022323,-1.916544,-1.430843,-0.795325,-0.041611,1.076485,0.319862,1.797308,-1.995498,-1.809033,-0.750038,-0.851276,-0.682766,-0.604428,-1.821082,-1.928009,-1.548143,-1.493323,-0.638718,-1.839652,-1.594218,-0.727237,-0.733388,0.159041,-0.941790,-1.025889,-1.901698,-0.178234,-0.253660,-1.976627,-1.481346,-1.947354,-1.420215,-1.730151,-0.602704,-1.974298,-1.824435,-1.074288,-0.331306,-1.323293,-1.630025,-0.556344,0.351565,0.316086,-1.561902,-1.469770,-0.493477,0.364442,-1.662439,-1.806001,-1.793967,-1.641564,-1.424072,-1.775911,-1.953019,-1.943399,-1.324651,-0.641073,0.000000
0.000000,-0.323424,-0.798902,-1.764965,-1.862051,-1.687461,-1.962590,-1.109591,-1.984552,-1.388332,-1.149420,-1.850375,-1.701978,-1.883957,-1.647479,-1.590262,-1.918610,-1.955972,-1.445843,-1.643356,-0.824037,-1.017395,-0.975088,-1.857717,-1.520994,-1.558292,-1.762031,-1.448504,-1.678378,-1.911318,-1.140810,-1.987076,-1.957434,-1.897332,-1.946638,-0.130117,-1.972183,-1.300600,-1.785547,-1.220210,-1.643264,-0.707573,1.022323,-1.609116,-1.906187,-1.022302,-1.574016,-1.229655,-1.665681,-1.849369,-1.869060,-1.737683,-1.898765,-0.851276,-1.925777,-1.929921,-1.352193,-1.119784,-1.425515,-0.564210,-1.805873,-1.839652,-1.763826,-1.892863,-0.866715,-1.796133,-1.457822,-1.871264,-1.976359,-0.165382,-0.253660,-1.746429,-1.481346,-1.924048,-1.652818,-1.873402,-1.984567,-1.974298,-1.945766,-1.883842,-1.838629,-1.323293,-1.419512,-0.000906,0.041607,-0.838308,-1.926364,-1.969136,-1.113653,0.364442,-1.662439,-1.806001,-1.793967,-1.656676,-1.424072,-1.775911,-1.896588,-1.511947,-0.884563,-1.511132,0.000000
0.000000,-0.805224,-0.798902,-1.881133,-1.792935,-1.207668,-1.668328,-1.603010,-1.602734,-1.641442,-1.149420,-1.859786,-1.701978,-1.828181,-1.521625,-1.590262,-1.951083,-1.590501,-1.445843,-1.987790,-1.788294,-1.057865,-0.975088,-1.561159,-1.545942,-1.716907,-1.563558,-1.790046,-1.598624,-1.467583,-1.140810,-1.987076,-1.930511,-1.897332,-1.946638,-1.923131,-1.972183,-1.300600,-1.824089,-1.592558,-0.090767,-0.021463,-1.542939,-1.609116,-1.838527,-1.928658,-1.796074,-1.610090,-1.990359,-1.849369,-1.869060,-1.971305,-0.854510,-0.851276,-1.925777,-1.482614,-1.352193,-1.988738,-0.758869,-0.564210,-1.805873,-1.719355,-0.997504,-1.971945,-1.773697,-1.576492,-1.457822,-1.870650,-0.852143,-1.131080,-0.253660,-1.655976,-1.481346,-1.963690,-1.652818,-1.942491,-1.984567,-1.974298,-1.945766,-1.617182,-1.427893,-1.994971,-1.911357,-1.060756,-0.766502,-1.435727,-0.854336,-1.717853,-1.932251,-1.883221,-1.662439,-1.772467,-1.684714,-1.431174,-1.424072,-1.775911,-1.916218,-1.511947,-1.888669,-1.986145,0.000000
0.000000,-1.172429,-1.828245,-1.881133,-1.622934,-1.207668,-1.566059,-1.853908,-1.674555,-1.239278,-1.149420,-1.863405,-1.701978,-1.727882,-1.995833,-1.974826,-1.985215,-1.841790,-1.818882,-1.811881,-1.689441,-1.169613,-1.887667,-1.829696,-1.917215,-1.716907,-1.803307,-1.580830,-1.661149,-0.960293,-1.140810,-1.987076,-1.930511,-1.897332,-1.946638,-1.903735,-1.272566,-1.300600,-1.824089,-1.226917,-1.307171,-1.798210,-1.542939,-1.609116,-1.603400,-1.509820,-1.541347,-1.936398,-1.990359,-1.922786,-1.887097,-1.467811,-1.982834,-0.851276,-1.925777,-1.994411,-1.352193,-1.483442,-0.873197,-0.564210,-1.559635,-1.426394,-0.997504,-1.815524,-1.773697,-1.903597,-1.912197,-1.731575,-1.376751,-1.382224,-1.921651,-1.655976,-1.481346,-1.963690,-1.652818,-1.942491,-1.984567,-1.939121,-1.945766,-1.821205,-1.518730,-1.188859,-1.945924,-0.951128,-0.766502,-1.399632,-0.854336,-1.831611,-1.708921,-1.883221,-1.824624,-1.587104,-1.751707,-1.858231,-1.424072,-1.973391,-1.450544,-1.511947,-0.767532,-0.234287,0.000000
0.000000,-1.172429,-1.808371,-1.405343,-1.302057,-1.547007,-1.923361,-1.628233,-1.533594,-1.996573,-1.149420,-1.880074,-1.701978,-1.727882,-1.995833,-1.861579,-1.882891,-1.841790,-1.867842,-1.595172,-1.816468,-1.169613,-1.987434,-1.821196,-1.833289,-1.716907,-1.951762,-1.596351,-1.661149,-1.118847,-1.140810,-1.987076,-1.894048,-1.897332,-1.953810,-0.981562,-1.476644,-1.863428,-1.996191,-1.892976,-1.953961,-1.601466,-1.723289,-1.866597,-1.841342,-1.987696,-1.541347,-1.936398,-1.990359,-1.922786,-1.899267,-1.467811,-0.980113,-0.851276,-1.518512,-1.576910,-1.633417,-1.606761,-1.916498,-1.788419,-1.538889,-1.181363,-0.997504,-1.936040,-1.968430,-1.531915,-1.978067,-1.957499,-1.476198,-1.382224,-1.921651,-1.646931,-1.481346,-1.963690,-1.652818,-1.942491,-1.984567,-1.939121,-1.945766,-1.848829,-1.955570,-1.188859,-1.999107,-1.892870,-0.766502,-1.399632,-1.787838,-1.831611,-1.708921,-1.883221,-1.983192,-1.893845,-1.961099,-1.435992,-1.424760,-1.793159,-1.964885,-0.990576,-0.742983,-0.356881,0.000000
0.000000,-1.728501,-1.473757,-1.866211,-1.459305,-1.547007,-1.923361,-1.739009,-1.954120,-1.318054,-1.984524,-1.880074,-1.701978,-1.979971,-1.925092,-1.861579,-1.782792,-1.841790,-1.598748,-1.595172,-1.819539,-1.914263,-1.987434,-1.821196,-1.885662,-1.656694,-1.923126,-1.787277,-1.465538,-1.091054,-1.140810,-1.987076,-1.858202,-1.897332,-1.953810,-1.962391,-1.883441,-1.863428,-1.996191,-1.892976,-1.953961,-1.736771,-1.723289,-1.866597,-1.841342,-1.524706,-1.886822,-1.961953,-1.990359,-1.922786,-1.921587,-1.922689,-1.828086,-0.851276,-1.866870,-1.773511,-1.588961,-1.606761,-1.954238,-1.490225,-1.042362,-1.732203,-1.205696,-1.318295,-1.204806,-1.531915,-1.978067,-1.793569,-1.952995,-1.382224,-1.549058,-1.646931,-1.729650,-1.973899,-1.652818,-1.929946,-1.950876,-1.939121,-1.833430,-1.848829,-1.736622,-1.529668,-1.765703,-0.982437,-1.176804,-1.399632,-1.787838,-1.831611,-1.929636,-1.970796,-1.819446,-1.771619,-1.800133,-1.896922,-1.702839,-1.989162,-1.756695,-1.514626,-0.742983,-1.151043,0.000000
0.000000,-1.728501,-1.473757,-1.828981,-1.800015,-1.547007,-1.960394,-1.756642,-1.611851,-1.318054,-1.840371,-1.880074,-1.701978,-1.979971,-1.925092,-1.861579,-1.887371,-1.841790,-1.964942,-1.595172,-1.819539,-1.731352,-1.655069,-1.729230,-1.739368,-1.955049,-1.776431,-1.787277,-1.772040,-1.091054,-1.989488,-1.987076,-1.906630,-1.897332,-1.953810,-1.962391,-1.883441,-1.980454,-1.996191,-1.791770,-1.953961,-1.552273,-1.723289,-1.779005,-1.841342,-1.849259,-1.886822,-1.961953,-1.986408,-1.922786,-1.921587,-1.922689,-1.420010,-0.851276,-1.858452,-1.798547,-1.588961,-1.606761,-1.644662,-1.923625,-1.822546,-1.708254,-1.878949,-1.527761,-1.972669,-1.531915,-1.978067,-1.793569,-1.442516,-1.772041,-1.549058,-1.646931,-1.729650,-1.973899,-1.751089,-1.930119,-1.950876,-1.939121,-1.833430,-1.848829,-1.872397,-1.707624,-1.710372,-0.982437,-1.938831,-1.944674,-1.583880,-1.831611,-1.929636,-1.483622,-1.910249,-1.771619,-1.996448,-1.896922,-1.702839,-1.989162,-1.456594,-0.891013,-1.164218,-0.236560,0.000000
0.000000,-1.856703,-1.853036,-1.846341,-1.800015,-1.547007,-1.960394,-1.761763,-1.932823,-1.318054,-1.840371,-1.885642,-1.701978,-1.979971,-1.788885,-1.861579,-1.945963,-1.697752,-1.729951,-1.744790,-1.740397,-1.963533,-1.785622,-1.796765,-1.796719,-1.968268,-1.645759,-1.668068,-1.519826,-1.091054,-1.989488,-1.987076,-1.986112,-1.897332,-1.953810,-1.962391,-1.883441,-1.980454,-1.745414,-1.791770,-1.797825,-1.934933,-1.827145,-1.918246,-1.841342,-1.849259,-1.886822,-1.961194,-1.986408,-1.984137,-1.921587,-1.872288,-1.048177,-0.851276,-1.616936,-1.323051,-1.588961,-1.939741,-1.901632,-1.923625,-1.733916,-1.995038,-1.605372,-1.527761,-1.972669,-1.531915,-1.830708,-1.793569,-1.829534,-1.772041,-1.817722,-1.646931,-1.729650,-1.973899,-1.751089,-1.889855,-1.950876,-1.939121,-1.997702,-1.901561,-1.872397,-1.851790,-1.855356,-0.982437,-1.889693,-1.630431,-1.583880,-1.739879,-1.895892,-1.483622,-1.730060,-1.771619,-1.946411,-1.896922,-1.357120,-1.659863,-0.992876,-1.114112,-1.164218,-0.336711,0.000000
0.000000,-1.669212,-1.785577,-1.640058,-1.612582,-1.718734,-1.979746,-1.761763,-1.777500,-1.318054,-1.840371,-1.723439,-1.753063,-1.832728,-1.788885,-1.899426,-1.951502,-1.823962,-1.729951,-1.855457,-1.894681,-1.739246,-1.778413,-1.939924,-1.796719,-1.968268,-1.706197,-1.668068,-1.999186,-1.922831,-1.989488,-1.987076,-1.986112,-1.857236,-1.953810,-1.962391,-1.883441,-1.984032,-1.551759,-1.761677,-1.883890,-1.934933,-1.827145,-1.918246,-1.841342,-1.849259,-1.886822,-1.961194,-1.986408,-1.984137,-1.921587,-1.807946,-1.457665,-0.851276,-1.616936,-1.999493,-1.946724,-1.939741,-1.901632,-1.915711,-1.401634,-1.516024,-1.529250,-1.527761,-1.876865,-1.762354,-1.958205,-1.911466,-1.829534,-1.886683,-1.817722,-1.766658,-1.729650,-1.973899,-1.905797,-1.889855,-1.972422,-1.939121,-1.997702,-1.901561,-1.872397,-1.851790,-1.972183,-1.725280,-1.889693,-1.630431,-1.629868,-1.739879,-1.834930,-1.947889,-1.730060,-1.771619,-1.946411,-1.896922,-1.787281,-1.659863,-1.783018,-1.920878,-1.539027,-0.300649,0.000000
0.000000,-1.669212,-1.692099,-1.750822,-1.612582,-1.718734,-1.903248,-1.882009,-1.777500,-1.318054,-1.981126,-1.944271,-1.721632,-1.994075,-1.788885,-1.947861,-1.995746,-1.823962,-1.729951,-1.855457,-1.829655,-1.739246,-1.940104,-1.939924,-1.928501,-1.885617,-1.622089,-1.668068,-1.999186,-1.922831,-1.989488,-1.987076,-1.824529,-1.857236,-1.738105,-1.728910,-1.975484,-1.984032,-1.988953,-1.842152,-1.883890,-1.948971,-1.793832,-1.777647,-1.841342,-1.926679,-1.886822,-1.961194,-1.986408,-1.984137,-1.761249,-1.986139,-1.457665,-1.927475,-1.872892,-1.999493,-1.946724,-1.939741,-1.930591,-1.642656,-1.756023,-1.516024,-1.588878,-1.527761,-1.979146,-1.762354,-1.958205,-1.920309,-1.970767,-1.886683,-1.817722,-1.766658,-1.968372,-1.973899,-1.905797,-1.889855,-1.972422,-1.838989,-1.997702,-1.594725,-1.872397,-1.898854,-1.717082,-1.725280,-1.889693,-1.884498,-1.629868,-1.739879,-1.834930,-1.882573,-1.895673,-1.771619,-1.990016,-1.806474,-1.787281,-1.659863,-1.783018,-1.920878,-0.417454,0.001282,0.000000
0.000000,-1.683129,-1.402243,-1.459247,-1.971833,-1.718734,-1.903248,-1.882009,-1.916824,-1.618317,-1.305973,-1.936955,-1.849321,-1.841704,-1.788885,-1.791455,-1.711255,-1.497956,-1.729951,-1.855457,-1.829655,-1.983765,-1.781084,-1.939924,-1.928501,-1.506108,-1.622089,-1.668068,-1.999186,-1.922831,-1.989488,-1.987076,-1.824529,-1.857236,-1.738105,-1.974797,-1.867892,-1.984032,-1.988953,-1.999827,-1.901333,-1.948971,-1.793832,-1.777647,-1.841342,-1.878078,-1.886822,-1.915881,-1.968499,-1.781754,-1.782923,-1.535664,-1.457665,-1.989726,-1.872892,-1.999493,-1.929408,-1.939741,-1.927763,-1.465543,-1.959750,-1.918241,-1.770455,-1.527761,-1.980907,-1.762354,-1.837991,-1.920309,-1.943031,-1.886683,-1.646445,-1.766658,-1.968372,-1.973899,-1.905797,-1.869816,-1.875772,-1.838989,-1.997702,-1.594725,-1.872397,-1.699008,-1.777989,-1.725280,-1.820435,-1.884498,-1.937853,-1.792078,-1.976263,-1.882573,-1.895673,-1.968497,-1.990016,-1.908614,-1.787281,-1.761130,-1.783018,-1.766413,-1.749649,-1.606850,0.000000
0.000000,-1.907012,-1.458613,-1.459247,-1.971833,-1.718734,-1.903248,-1.882009,-1.809723,-1.476474,-1.305973,-1.996139,-1.882838,-1.929684,-1.788885,-1.713240,-1.487306,-1.497956,-1.920257,-1.834336,-1.940498,-1.926252,-1.781084,-1.939924,-1.687680,-1.716501,-1.622089,-1.956717,-1.999186,-1.922831,-1.989488,-1.987076,-1.824529,-1.857236,-1.738105,-1.974797,-1.867892,-1.984032,-1.988953,-1.999827,-1.901333,-1.948971,-1.793832,-1.914755,-1.875507,-1.878078,-1.915756,-1.707368,-1.968499,-1.984804,-1.890754,-1.878273,-1.457665,-1.989726,-1.872892,-1.999493,-1.929408,-1.939741,-1.666095,-1.465543,-1.959750,-1.918241,-1.639775,-1.527761,-1.681663,-1.762354,-1.809347,-1.909220,-1.955684,-1.886683,-1.746013,-1.766658,-1.924527,-1.973899,-1.905797,-1.999141,-1.948902,-1.838989,-1.997702,-1.926267,-1.974124,-1.994062,-1.777989,-1.725280,-1.820435,-1.898021,-1.884543,-1.792078,-1.976263,-1.882573,-1.867444,-1.968497,-1.990016,-1.754035,-0.775222,-1.777267,-1.537837,-1.868251,-1.517418,-0.817699,0.000000
0.000000,-1.764105,-1.976246,-1.823626,-1.689275,-1.718734,-1.966400,-1.962060,-1.857058,-1.780456,-1.305973,-1.933213,-1.918316,-1.929684,-1.788885,-1.457500,-1.832435,-1.497956,-1.825447,-1.834336,-1.940498,-1.926252,-1.781084,-1.939924,-1.728215,-1.972947,-1.622089,-1.956717,-1.999186,-1.790270,-1.989488,-1.844660,-1.824529,-1.842194,-1.738105,-1.974797,-1.867892,-1.984032,-1.988953,-1.956203,-1.901333,-1.855569,-1.793832,-1.899567,-1.875507,-1.927737,-1.915756,-1.707368,-1.968499,-1.916145,-1.801993,-1.830722,-1.457665,-1.989726,-1.872892,-1.893267,-1.929408,-1.773452,-1.666095,-1.853698,-1.959750,-1.918241,-1.332861,-1.527761,-1.956252,-1.890067,-1.963507,-1.909220,-1.955684,-1.883088,-1.683106,-1.978227,-1.834627,-1.973899,-1.905797,-1.999141,-1.950654,-1.838989,-1.997702,-1.977916,-1.974124,-1.994062,-1.777989,-1.725280,-1.820435,-1.878194,-1.914814,-1.792078,-1.976263,-1.882573,-1.867444,-1.935274,-1.990016,-1.754035,-1.935586,-1.926089,-1.957027,-1.530862,-0.875759,-1.960341,0.000000
0.000000,-1.965484,-1.821157,-1.801805,-1.689275,-1.718734,-1.966400,-1.962060,-1.857058,-1.348482,-1.305973,-1.933213,-1.918316,-1.498786,-1.769998,-1.457500,-1.807159,-1.497956,-1.747412,-1.834336,-1.940498,-1.889559,-1.781084,-1.870151,-1.988457,-1.939645,-1.336939,-1.956717,-1.973662,-1.790270,-1.909766,-1.844660,-1.927841,-1.947995,-1.738105,-1.852943,-1.867892,-1.984032,-1.988953,-1.956203,-1.901333,-1.922207,-1.793832,-1.899567,-1.828742,-1.927737,-1.862114,-1.694097,-1.739282,-1.916145,-1.801993,-1.830722,-1.808862,-1.498693,-1.872892,-1.893267,-1.856252,-1.773452,-1.834196,-1.853698,-1.955332,-1.955869,-1.897627,-1.859239,-1.894658,-1.890067,-1.963507,-1.944197,-1.955684,-1.614037,-1.683106,-1.978227,-1.834627,-1.973899,-1.905797,-1.999141,-1.950654,-1.838989,-1.969756,-1.798463,-1.695428,-1.994062,-1.887292,-1.725280,-1.767213,-1.988241,-1.914814,-1.792078,-1.976263,-1.962911,-1.867444,-1.935274,-1.990016,-1.754035,-1.935586,-1.926089,-1.722691,-1.954199,-1.595878,-0.927632,0.000000
0.000000,-1.963622,-1.987744,-1.754647,-1.689275,-1.718734,-1.966400,-1.962060,-1.433336,-1.287727,-1.305973,-1.933213,-1.918316,-1.737432,-1.836668,-1.861492,-1.838184,-1.497956,-1.747412,-1.905650,-1.910254,-1.938563,-1.938387,-1.904303,-1.988457,-1.939645,-1.336939,-1.861015,-1.867407,-1.790270,-1.654400,-1.830843,-1.961395,-1.947995,-1.884813,-1.852943,-1.867892,-1.984032,-1.988953,-1.997214,-1.901333,-1.922207,-1.793832,-1.899567,-1.828742,-1.716728,-1.939374,-1.694097,-1.739282,-1.916145,-1.801993,-1.721881,-1.674151,-1.498693,-1.872892,-1.893267,-1.932589,-1.957116,-1.834196,-1.880126,-1.955332,-1.607324,-1.897627,-1.859239,-1.894658,-1.999895,-1.940292,-1.868128,-1.849303,-1.901832,-1.979384,-1.978227,-1.834627,-1.793650,-1.997946,-1.926088,-1.950654,-1.838989,-1.954605,-1.798463,-1.695428,-1.994062,-1.887292,-1.698310,-1.964358,-1.931135,-1.914814,-1.792078,-1.976263,-1.962911,-1.867444,-1.935274,-1.745542,-1.754035,-1.935586,-1.942949,-1.377105,-1.486549,-0.961519,-1.250251,0.000000
0.000000,-1.963622,-1.987744,-1.910574,-1.863867,-1.718734,-1.902642,-1.615876,-1.433336,-1.970093,-1.305973,-1.998671,-1.918316,-1.737432,-1.836668,-1.792200,-1.838184,-1.787769,-1.747412,-1.905650,-1.910254,-1.938563,-1.938387,-1.921248,-1.988457,-1.939645,-1.336939,-1.857511,-1.867407,-1.790270,-1.760028,-1.569530,-1.469839,-1.947995,-1.884813,-1.852943,-1.867892,-1.984032,-1.988953,-1.997214,-1.901333,-1.981853,-1.793832,-1.842403,-1.931136,-1.716728,-1.939374,-1.746696,-1.739282,-1.916145,-1.881108,-1.721881,-1.444435,-1.498693,-1.792387,-1.975930,-1.932589,-1.985426,-1.834196,-1.880126,-1.680735,-1.607324,-1.897627,-1.859239,-1.860890,-1.999895,-1.940292,-1.868128,-1.888370,-1.786025,-1.979384,-1.978227,-1.680519,-1.793650,-1.997946,-1.926088,-1.690476,-1.778998,-1.954605,-1.998837,-1.695428,-1.994062,-1.887292,-1.964124,-1.998383,-1.931135,-1.891955,-1.792078,-1.952741,-1.962911,-1.867444,-1.935274,-1.759233,-1.754035,-1.935586,-1.942949,-1.427187,-1.203853,-1.356742,-1.761442,0.000000
0.000000,-1.938147,-1.987744,-1.910574,-1.853891,-1.989562,-1.867487,-1.771226,-1.969303,-1.970093,-1.945466,-1.831986,-1.740227,-1.902363,-1.836668,-1.792200,-1.838184,-1.992239,-1.464037,-1.905650,-1.987461,-1.938563,-1.938387,-1.921248,-1.988457,-1.767249,-1.336939,-1.910054,-1.867407,-1.903065,-1.799619,-1.553539,-1.469839,-1.947995,-1.884813,-1.852943,-1.867892,-1.984032,-1.988953,-1.997214,-1.636373,-1.981853,-1.793832,-1.842403,-1.734470,-1.716728,-1.829683,-1.656725,-1.739282,-1.916145,-1.608751,-1.923070,-1.891034,-1.825247,-1.825928,-1.975930,-1.932589,-1.624941,-1.634329,-1.236130,-1.680735,-1.642294,-1.894396,-1.759328,-1.771932,-1.815623,-1.940292,-1.734079,-1.888370,-1.841725,-1.979384,-1.750197,-1.871165,-1.793650,-1.898826,-1.899526,-1.690476,-1.778998,-1.954605,-1.921022,-1.695428,-1.994062,-1.887292,-1.964124,-1.998383,-1.931135,-1.955095,-1.792078,-1.954039,-1.693857,-1.867444,-1.935274,-1.759233,-1.754035,-1.935586,-1.838362,-1.282487,-1.565101,-1.635869,-0.132330,0.000000
0.000000,-1.938147,-1.987744,-1.912093,-1.587762,-1.905170,-1.867487,-1.771226,-1.969303,-1.928355,-1.945466,-1.831986,-1.740227,-1.867803,-1.836668,-1.792200,-1.430781,-1.736674,-1.464037,-1.905650,-1.897348,-1.824778,-1.924777,-1.921248,-1.988457,-1.834060,-1.883136,-1.869325,-1.867407,-1.903065,-1.726240,-1.869012,-1.469839,-1.947995,-1.833111,-1.852943,-1.953432,-1.984032,-1.988953,-1.819086,-1.636373,-1.891717,-1.793832,-1.969674,-1.971655,-1.593283,-1.817545,-1.656725,-1.739282,-1.661278,-1.608751,-1.884730,-1.671801,-1.825247,-1.690337,-1.975930,-1.452459,-1.624941,-1.899344,-1.987640,-1.680735,-1.642294,-1.648886,-1.759328,-1.894609,-1.886283,-1.784976,-1.981452,-1.795008,-1.841725,-1.979384,-1.750197,-1.877259,-1.951763,-1.898826,-1.899526,-1.864922,-1.778998,-1.954605,-1.921022,-1.889753,-1.697624,-1.913384,-1.964124,-1.998383,-1.842547,-1.955095,-1.792078,-1.954039,-1.693857,-1.867444,-1.935274,-1.759233,-1.754035,-1.628315,-1.413717,-0.928035,-1.563883,-0.753856,-0.954975,0.000000
0.000000,-1.938147,-1.966277,-1.530603,-1.792385,-1.905170,-1.946723,-1.771226,-1.969303,-1.928355,-1.945466,-1.831986,-1.740227,-1.867803,-1.746951,-1.530054,-1.982991,-1.915867,-1.464037,-1.999585,-1.992836,-1.824778,-1.864879,-1.643033,-1.958274,-1.834060,-1.883136,-1.971036,-1.906182,-1.903065,-1.772042,-1.791604,-1.469839,-1.801814,-1.833111,-1.953501,-1.953432,-1.971800,-1.988953,-1.889865,-1.636373,-1.891717,-1.793832,-1.969674,-1.799295,-1.593283,-1.703197,-1.830146,-1.739282,-1.854682,-1.899833,-1.559591,-1.671801,-1.825247,-1.123495,-1.078123,-1.452459,-1.624941,-1.663499,-1.972793,-1.596297,-1.980415,-1.648886,-1.930984,-1.894609,-1.838561,-1.784976,-1.738393,-1.795008,-1.841725,-1.889414,-1.750197,-1.877259,-1.880644,-1.979850,-1.813896,-1.874457,-1.944086,-1.954605,-1.721079,-1.889753,-1.697624,-1.924744,-1.997812,-1.989116,-1.762114,-1.809301,-1.792078,-1.954039,-1.742008,-1.867444,-1.822141,-1.759233,-1.927131,-1.840378,-1.413717,-1.674363,-1.366069,-0.063841,-0.210478,0.000000
0.000000,-1.938147,-1.966277,-1.846504,-1.792385,-1.905170,-1.787020,-1.771226,-1.730736,-1.881526,-1.684182,-1.675687,-1.740227,-1.955457,-1.746951,-1.972246,-1.726482,-1.951351,-1.464037,-1.809640,-1.805346,-1.954972,-1.933374,-1.891809,-1.958274,-1.834060,-1.883136,-1.971036,-1.906182,-1.951059,-1.762159,-1.700604,-1.469839,-1.801814,-1.833111,-1.953501,-1.953432,-1.971800,-1.987880,-1.889865,-1.636373,-1.891717,-1.793832,-1.418911,-1.789946,-1.593283,-1.797710,-1.830146,-1.926074,-1.854682,-1.899833,-1.802129,-1.571274,-1.825247,-1.784599,-1.078123,-1.860898,-1.751794,-1.663499,-1.516735,-1.912181,-1.911656,-1.758509,-1.930984,-1.894609,-1.855896,-1.932020,-1.738393,-1.986161,-1.841725,-1.972922,-1.750197,-1.877259,-1.923473,-1.979850,-1.813896,-1.874457,-1.908798,-1.954605,-1.721079,-1.659895,-1.697624,-1.943484,-1.997812,-1.989116,-1.762114,-1.909292,-1.792078,-1.720926,-1.742008,-1.857108,-1.714914,-1.759233,-1.927131,-1.840378,-1.985296,-1.976708,-1.293657,-0.243573,-0.887289,0.000000
0.000000,-1.818244,-1.493163,-1.846504,-1.792385,-1.882388,-1.984798,-1.771226,-1.730736,-1.881526,-1.808962,-1.865723,-1.688688,-1.767700,-1.982064,-1.972246,-1.726482,-1.951351,-1.800507,-1.627003,-1.725195,-1.954972,-1.888674,-1.891809,-1.958274,-1.834060,-1.883136,-1.975199,-1.906182,-1.538976,-1.790781,-1.652489,-1.469839,-1.836654,-1.833111,-1.953501,-1.953432,-1.840160,-1.987880,-1.823048,-1.636373,-1.860723,-1.883216,-1.816632,-1.824066,-1.828734,-1.869495,-1.944791,-1.926074,-1.854682,-1.899833,-1.802129,-1.985817,-1.825247,-1.062908,-1.078123,-1.913944,-1.722812,-1.663499,-1.516735,-1.912181,-1.911656,-1.758509,-1.930984,-1.947178,-1.825022,-1.793323,-1.738393,-1.986161,-1.901468,-1.972922,-1.797736,-1.877259,-1.884419,-1.886019,-1.925667,-1.874457,-1.908798,-1.812444,-1.803277,-1.677899,-1.697624,-1.943484,-1.997812,-1.615403,-1.909388,-1.943247,-1.792078,-1.977754,-1.742008,-1.857108,-1.881806,-1.907722,-1.927131,-1.840378,-1.985296,-1.664785,-1.596442,-1.076563,-0.874483,0.000000
0.000000,-1.859229,-1.794009,-1.759513,-1.792385,-1.576013,-1.689263,-1.728349,-1.730736,-1.862525,-1.864575,-1.841170,-1.688688,-1.767700,-1.982064,-1.983440,-1.726482,-1.951351,-1.968600,-1.972716,-1.725195,-1.954972,-1.888674,-1.891809,-1.929206,-1.834060,-1.883136,-1.975199,-1.906182,-1.538976,-1.922779,-1.629554,-1.469839,-1.901680,-1.833111,-1.953501,-1.953432,-1.840160,-1.987880,-1.823048,-1.900750,-1.860723,-1.880234,-1.816632,-1.846123,-1.828734,-1.869495,-1.944791,-1.841792,-1.854682,-1.905766,-1.802129,-1.898077,-1.777797,-1.434218,-1.078123,-1.866716,-1.444724,-1.750796,-1.516735,-1.838413,-1.911656,-1.758509,-1.930984,-1.947178,-1.791700,-1.793323,-1.939890,-1.986161,-1.998287,-1.975208,-1.822466,-1.877259,-1.835555,-1.886019,-1.991590,-1.928329,-1.908798,-1.797669,-1.688352,-1.885327,-1.697624,-1.943484,-1.997812,-1.615403,-1.909388,-1.943247,-1.792078,-1.977754,-1.819809,-1.802142,-1.881806,-1.903323,-1.927131,-1.840378,-1.985296,-1.391481,-1.596442,-1.814990,-1.998445,0.000000
0.000000,-1.907293,-1.777013,-1.680387,-1.792385,-1.576013,-1.881447,-1.728349,-1.730736,-1.927177,-1.930651,-1.841170,-1.688688,-1.767700,-1.982064,-1.999886,-1.726482,-1.880604,-1.864080,-1.782179,-1.725195,-1.954972,-1.888674,-1.891809,-1.929206,-1.834060,-1.883136,-1.975199,-1.895961,-1.912756,-1.685817,-1.886641,-1.828915,-1.901680,-1.881836,-1.953501,-1.953432,-1.952499,-1.888522,-1.823048,-1.900750,-1.860723,-1.880234,-1.816632,-1.766204,-1.558533,-1.989608,-1.890603,-1.841792,-1.854682,-1.741531,-1.712696,-1.898077,-1.923222,-1.587272,-1.078123,-1.866716,-1.858680,-1.750796,-1.957790,-1.838413,-1.641112,-1.758509,-1.930984,-1.947178,-1.791700,-1.793323,-1.939890,-1.986161,-1.998287,-1.975208,-1.776273,-1.631277,-1.835555,-1.971832,-1.991590,-1.928329,-1.908798,-1.960970,-1.699816,-1.627863,-1.697624,-1.986314,-1.611022,-1.615403,-1.909388,-1.943247,-1.880163,-1.977754,-1.804157,-1.802142,-1.881806,-1.903323,-1.992774,-1.840378,-1.985296,-1.376472,-1.448517,-0.830877,-0.384210,0.000000
0.000000,-1.936270,-1.805290,-1.766880,-1.668517,-1.576013,-1.881447,-1.945290,-1.730736,-1.973961,-1.799298,-1.841170,-1.688688,-1.767700,-1.982064,-1.999886,-1.894502,-1.795747,-1.734057,-1.782179,-1.725195,-1.954972,-1.888674,-1.865171,-1.929206,-1.834060,-1.883136,-1.874902,-1.983341,-1.714016,-1.685817,-1.629212,-1.828915,-1.901680,-1.881836,-1.953501,-1.953432,-1.952499,-1.955016,-1.823048,-1.900750,-1.860723,-1.880234,-1.816632,-1.690022,-1.983752,-1.989608,-1.832509,-1.841792,-1.854682,-1.741531,-1.982936,-1.987226,-1.923222,-1.862409,-1.675915,-1.702363,-1.830498,-1.750796,-1.686724,-1.530260,-1.641112,-1.758509,-1.930984,-1.947178,-1.798658,-1.793323,-1.971023,-1.933187,-1.998287,-1.975208,-1.529223,-1.887374,-1.835555,-1.997150,-1.991590,-1.888726,-1.908798,-1.942337,-1.921525,-1.743790,-1.697624,-1.791999,-1.611022,-1.615403,-1.909388,-1.943247,-1.880163,-1.966469,-1.804157,-1.822123,-1.881806,-1.911125,-1.992774,-1.404507,-1.458890,-1.878174,-1.298897,-0.532345,-1.022748,0.000000
0.000000,-1.936270,-1.805290,-1.766880,-1.535723,-1.858747,-1.923859,-1.719571,-1.730736,-1.973961,-1.799298,-1.978991,-1.925546,-1.893991,-1.959599,-1.756798,-1.797578,-1.795747,-1.767601,-1.782179,-1.725195,-1.585638,-1.472788,-1.939887,-1.799228,-1.786188,-1.883136,-1.941246,-1.983341,-1.795498,-1.685817,-1.868310,-1.828915,-1.901680,-1.881836,-1.991010,-1.953432,-1.972814,-1.955016,-1.823048,-1.900750,-1.860723,-1.736973,-1.816632,-1.958867,-1.983752,-1.844009,-1.832509,-1.841792,-1.729575,-1.741531,-1.982936,-1.987226,-1.780242,-1.932141,-1.830636,-1.702363,-1.975856,-1.653269,-1.997985,-1.530260,-1.694179,-1.758509,-1.930984,-1.895211,-1.798658,-1.929544,-1.946805,-1.748813,-1.623839,-1.760175,-1.529223,-1.887374,-1.835555,-1.997150,-1.869927,-1.888726,-1.908798,-1.942337,-1.980694,-1.812873,-1.333594,-1.791999,-1.627325,-1.874362,-1.909388,-1.943247,-1.775828,-1.966469,-1.810615,-1.822123,-1.897661,-1.907498,-1.513678,-1.404507,-1.458890,-1.469603,-0.718795,-1.545298,-0.228336,0.000000
0.000000,-1.922679,-1.615429,-1.766880,-1.535723,-1.858747,-1.898972,-1.723570,-1.730736,-1.905323,-1.799298,-1.834013,-1.925546,-1.893991,-1.817372,-1.756798,-1.828987,-1.795747,-1.870645,-1.961244,-1.725195,-1.954304,-1.858159,-1.973020,-1.798892,-1.786188,-1.883136,-1.941246,-1.862308,-1.795498,-1.685817,-1.868310,-1.828915,-1.901680,-1.881836,-1.991010,-1.966382,-1.972814,-1.951878,-1.628112,-1.875108,-1.665892,-1.736973,-1.932625,-1.898903,-1.983752,-1.844009,-1.988049,-1.841792,-1.729575,-1.741531,-1.982936,-1.987226,-1.780242,-1.749523,-1.830636,-1.956924,-1.975856,-1.653269,-1.532771,-1.530260,-1.694179,-1.758509,-1.930984,-1.895211,-1.798658,-1.929544,-1.895060,-1.852151,-1.607104,-1.677680,-1.529223,-1.981841,-1.835555,-1.997150,-1.943190,-1.888726,-1.908798,-1.942337,-1.894167,-1.435872,-1.881363,-1.944298,-1.925313,-1.874362,-1.909388,-1.810565,-1.775828,-1.927434,-1.810615,-1.822123,-1.931210,-1.907498,-1.857733,-1.817592,-0.882567,-1.607108,-1.557024,-0.086628,-0.990726,0.000000
0.000000,-1.899686,-1.883682,-1.643181,-1.535723,-1.858747,-1.734341,-1.723570,-1.951172,-1.758562,-1.799298,-1.834013,-1.925546,-1.893991,-1.818259,-1.795419,-1.828987,-1.795747,-1.870645,-1.729457,-1.990770,-1.954304,-1.858159,-1.697731,-1.798892,-1.800777,-1.883136,-1.973927,-1.598192,-1.649615,-1.685817,-1.868310,-1.828915,-1.822736,-1.881836,-1.844104,-1.966382,-1.676071,-1.840235,-1.580627,-1.463388,-1.665892,-1.736973,-1.932625,-1.898903,-1.918690,-1.527509,-1.769043,-1.810305,-1.862463,-1.741531,-1.982936,-1.987226,-1.956402,-1.748944,-1.796638,-1.956924,-1.654043,-1.653269,-1.423645,-1.431241,-1.971334,-1.838560,-1.930984,-1.816060,-1.798658,-1.914047,-1.878768,-1.987313,-1.836587,-1.677680,-1.529223,-1.981841,-1.835555,-1.997150,-1.880071,-1.962501,-1.991085,-1.942337,-1.969081,-1.435872,-1.881363,-1.944298,-1.925313,-1.874362,-1.909388,-1.826198,-1.775737,-1.744564,-1.810615,-1.687629,-1.828417,-1.897248,-1.889591,-1.906786,-1.797672,-1.589574,-0.763916,-0.665334,-1.688654,0.000000
0.000000,-1.899686,-1.784823,-1.923860,-1.535723,-1.744143,-1.734341,-1.971369,-1.951172,-1.758562,-1.799298,-1.834013,-1.962527,-1.847671,-1.557621,-1.914038,-1.828987,-1.857092,-1.870645,-1.969952,-1.990770,-1.954304,-1.809810,-1.697731,-1.798892,-1.784695,-1.989015,-1.695130,-1.792371,-1.649615,-1.710899,-1.868310,-1.850152,-1.822736,-1.881836,-1.844104,-1.736092,-1.710308,-1.761217,-1.240313,-1.463388,-1.665892,-1.736973,-1.868760,-1.898903,-1.571477,-1.527509,-1.983411,-1.991966,-1.862463,-1.741531,-1.950474,-1.987226,-1.956402,-1.748944,-1.796638,-1.780933,-1.328919,-1.161508,-1.423645,-1.431241,-1.971334,-1.838560,-1.930984,-1.816060,-1.798658,-1.914047,-1.878768,-1.970497,-1.836587,-1.677680,-1.888994,-1.981841,-1.835555,-1.800672,-1.891746,-1.962501,-1.991085,-1.680614,-1.544899,-1.435872,-1.897210,-1.912841,-1.937873,-1.874362,-1.909388,-1.826198,-1.839015,-1.744564,-1.856472,-1.989531,-1.828417,-1.897248,-1.870237,-1.924540,-1.812274,-1.765198,-1.709484,-0.659275,-0.142492,0.000000
0.000000,-1.899686,-1.948070,-1.701722,-1.669276,-1.777700,-1.734341,-1.971369,-1.587954,-1.869578,-1.973091,-1.974858,-1.962527,-1.847671,-1.557621,-1.840550,-1.925039,-1.857092,-1.870645,-1.969952,-1.990770,-1.866519,-1.809810,-1.697731,-1.798892,-1.784695,-1.966976,-1.695130,-1.943267,-1.642939,-1.710899,-1.868310,-1.850152,-1.932935,-1.881836,-1.884064,-1.745165,-1.459026,-1.346478,-1.579864,-1.621785,-1.665892,-1.736973,-1.868760,-1.576143,-1.878515,-1.931216,-1.983411,-1.991966,-1.839953,-1.741531,-1.692233,-1.987226,-1.956402,-1.748944,-1.796638,-1.590172,-1.696960,-1.161508,-1.754417,-1.431241,-1.971334,-1.882901,-1.953147,-1.964616,-1.786784,-1.914047,-1.878768,-1.970497,-1.836587,-1.976131,-1.888994,-1.819058,-1.835555,-1.800672,-1.891746,-1.962501,-1.991085,-1.680614,-1.965329,-1.982265,-1.906841,-1.912841,-1.937873,-1.931761,-1.986525,-1.927753,-1.839015,-1.744564,-1.856472,-1.837173,-1.828417,-1.789730,-1.870237,-1.792989,-1.812274,-1.765198,-1.333180,0.037710,-1.594021,0.000000
0.000000,-1.899686,-1.948070,-1.799577,-1.669276,-1.777700,-1.938492,-1.974647,-1.587954,-1.653787,-1.639498,-1.974858,-1.962527,-1.780350,-1.822962,-1.840550,-1.870888,-1.901335,-1.824367,-1.969952,-1.990770,-1.989780,-1.696802,-1.697731,-1.798892,-1.896646,-1.704572,-1.695130,-1.761519,-1.642939,-1.809922,-1.920223,-1.850152,-1.979751,-1.881836,-1.884064,-1.745165,-1.940449,-1.779165,-1.670652,-1.701982,-1.920135,-1.787049,-1.664998,-1.576143,-1.878515,-1.940518,-1.933792,-1.844591,-1.877417,-1.738923,-1.838849,-1.987226,-1.956402,-1.518947,-1.512729,-1.783998,-1.696960,-1.824157,-1.754417,-1.431241,-1.963483,-1.882901,-1.953147,-1.616450,-1.786784,-1.814560,-1.878768,-1.974962,-1.940507,-1.830439,-1.888994,-1.819058,-1.703296,-1.800672,-1.891746,-1.962501,-1.991085,-1.862578,-1.965329,-1.982265,-1.906841,-1.912841,-1.991717,-1.931761,-1.986525,-1.927753,-1.839015,-1.897684,-1.807389,-1.837173,-1.828417,-1.986110,-1.870237,-1.792989,-1.812274,-1.063585,-0.614877,0.037710,-1.566399,0.000000
0.000000,-1.899686,-1.948070,-1.960349,-1.669276,-1.777700,-1.938492,-1.805105,-1.663859,-1.653787,-1.639498,-1.974858,-1.962527,-1.780350,-1.822962,-1.884725,-1.956356,-1.901335,-1.824367,-1.951707,-1.990770,-1.989780,-1.771577,-1.849933,-1.948027,-1.757276,-1.730732,-1.695130,-1.817086,-1.484529,-1.809922,-1.631896,-1.850152,-1.979751,-1.958595,-1.884064,-1.955030,-1.773200,-1.779165,-1.823385,-1.701982,-1.873837,-1.787049,-1.877068,-1.921877,-1.878515,-1.947402,-1.907562,-1.844591,-1.892459,-1.873325,-1.838849,-1.841656,-1.879459,-1.518947,-1.945603,-1.962818,-1.696960,-1.661191,-1.710476,-1.431241,-1.963483,-1.882901,-1.925650,-1.616450,-1.865727,-1.639210,-1.805196,-1.974962,-1.940507,-1.830439,-1.738764,-1.819058,-1.794824,-1.800672,-1.925093,-1.962501,-1.991085,-1.780628,-1.965329,-1.982265,-1.977797,-1.912841,-1.902267,-1.933987,-1.986525,-1.927753,-1.839015,-1.897684,-1.907874,-1.837173,-1.828417,-1.986110,-1.870237,-1.792989,-1.563582,-1.846853,-1.825651,0.037710,-1.993922,0.000000
0.000000,-1.887726,-1.948070,-1.989654,-1.630188,-1.777700,-1.938492,-1.824398,-1.792809,-1.789099,-1.639498,-1.846307,-1.616723,-1.780350,-1.822962,-1.891033,-1.956356,-1.901335,-1.824367,-1.951707,-1.990770,-1.990688,-1.980074,-1.917756,-1.755230,-1.757276,-1.744850,-1.856658,-1.800039,-1.484529,-1.809922,-1.631896,-1.850152,-1.979751,-1.958595,-1.884064,-1.955030,-1.835020,-1.779165,-1.861964,-1.865126,-1.984987,-1.787049,-1.842203,-1.744924,-1.848466,-1.947402,-1.907562,-1.972109,-1.892459,-1.873325,-1.907878,-1.841656,-1.879459,-1.840969,-1.945603,-1.751063,-1.696960,-1.690034,-1.710476,-1.830059,-1.963483,-1.882901,-1.938300,-1.616450,-1.865727,-1.658885,-1.805196,-1.974962,-1.654919,-1.830439,-1.738764,-1.819058,-1.794824,-1.989447,-1.925093,-1.962501,-1.581937,-1.780628,-1.965329,-1.982265,-1.977797,-1.912841,-1.930563,-1.933987,-1.986525,-1.927753,-1.771110,-1.897684,-1.907874,-1.879125,-1.828417,-1.919065,-1.870237,-1.602354,-1.731805,-1.563779,-1.764789,-0.960383,-0.337802,0.000000
0.000000,-1.887726,-1.948070,-1.875909,-1.630188,-1.777700,-1.938492,-1.886608,-1.792809,-1.789165,-1.639498,-1.846307,-1.846732,-1.831210,-1.822962,-1.891033,-1.889911,-1.901335,-1.824367,-1.996015,-1.990770,-1.990688,-1.980074,-1.917756,-1.755230,-1.929984,-1.982083,-1.815279,-1.800039,-1.726924,-1.809922,-1.903916,-1.850152,-1.979751,-1.958595,-1.969503,-1.955030,-1.772885,-1.779165,-1.751451,-1.865126,-1.984987,-1.787049,-1.850486,-1.787190,-1.848466,-1.947402,-1.980397,-1.891500,-1.892459,-1.837166,-1.907878,-1.971145,-1.793104,-1.840969,-1.945603,-1.751063,-1.696960,-1.929436,-1.710476,-1.830059,-1.963483,-1.882901,-1.776749,-1.889839,-1.667023,-1.658885,-1.805196,-1.974962,-1.654919,-1.830439,-1.738764,-1.819058,-1.794824,-1.989447,-1.925093,-1.343090,-1.581937,-1.780628,-1.965329,-1.982265,-1.977797,-1.912841,-1.930563,-1.989488,-1.986525,-1.927753,-1.771110,-1.897684,-1.907874,-1.796690,-1.828417,-1.919065,-1.972771,-1.920291,-1.722506,-1.927671,-1.238084,-1.293115,-1.703707,0.000000
0.000000,-1.887726,-1.948070,-1.875909,-1.630188,-1.777700,-1.938492,-1.886608,-1.668705,-1.945289,-1.639498,-1.846307,-1.908247,-1.831210,-1.822962,-1.852922,-1.542981,-1.901335,-1.824367,-1.996015,-1.990770,-1.990688,-1.980074,-1.917756,-1.755230,-1.929984,-1.982083,-1.975797,-1.750704,-1.887133,-1.809922,-1.955975,-1.984416,-1.839964,-1.958595,-1.931177,-1.955030,-1.772885,-1.981130,-1.677639,-1.865126,-1.984987,-1.787049,-1.828007,-1.757819,-1.848466,-1.947402,-1.980397,-1.891500,-1.892459,-1.837166,-1.907878,-1.971145,-1.844665,-1.843918,-1.945603,-1.834564,-1.792841,-1.560295,-1.701918,-1.830059,-1.963483,-1.882901,-1.743693,-1.680827,-1.957702,-1.947329,-1.973378,-1.813412,-1.654919,-1.789553,-1.857606,-1.819058,-1.951953,-1.989447,-1.925093,-1.509869,-1.581937,-1.780628,-1.965329,-1.943129,-1.978407,-1.927830,-1.876525,-1.989488,-1.986525,-1.790369,-1.771110,-1.949481,-1.661440,-1.901434,-1.828417,-1.919065,-1.972771,-1.814045,-1.722506,-1.927671,-1.803973,-0.493524,-1.251472,0.000000
0.000000,-1.887726,-1.948070,-1.509945,-1.813223,-1.777700,-1.938492,-1.663916,-1.668705,-1.809170,-1.639498,-1.998964,-1.740411,-1.763202,-1.509274,-1.852922,-1.960239,-1.901335,-1.824367,-1.996015,-1.990770,-1.990688,-1.980074,-1.917756,-1.755230,-1.929984,-1.754349,-1.694328,-1.750704,-1.887133,-1.932852,-1.955975,-1.895079,-1.987473,-1.958595,-1.931177,-1.955030,-1.772885,-1.881116,-1.997467,-1.865126,-1.984987,-1.787049,-1.994108,-1.757819,-1.848466,-1.947402,-1.980397,-1.667657,-1.892459,-1.837166,-1.869347,-1.930403,-1.844665,-1.910254,-1.569512,-1.834564,-1.946885,-1.726526,-1.821254,-1.830059,-1.963483,-1.882901,-1.617342,-1.680827,-1.886237,-1.429517,-1.906354,-1.813412,-1.654919,-1.927770,-1.981616,-1.819058,-1.903701,-1.989447,-1.395768,-1.509869,-1.581937,-1.780628,-1.965329,-1.943129,-1.978407,-1.839102,-1.876525,-1.989488,-1.810551,-1.727325,-1.771110,-1.726111,-1.937614,-1.839033,-1.828417,-1.919065,-1.711113,-1.737134,-1.722506,-1.927671,-1.637602,-1.727933,-0.520774,0.000000
0.000000,-1.963091,-1.948070,-1.509945,-1.733068,-1.777700,-1.938492,-1.649795,-1.628265,-1.542016,-1.639498,-1.998964,-1.401057,-1.510523,-1.754183,-1.952368,-1.913841,-1.868433,-1.824367,-1.996015,-1.762889,-1.990688,-1.980074,-1.917756,-1.769945,-1.929984,-1.754349,-1.649985,-1.792596,-1.850982,-1.883005,-1.955975,-1.836060,-1.987473,-1.958595,-1.931177,-1.777635,-1.927283,-1.881116,-1.769210,-1.865126,-1.803013,-1.787049,-1.994108,-1.757819,-1.848466,-1.947402,-1.980397,-1.667657,-1.892459,-1.941985,-1.869347,-1.895077,-1.844665,-1.823208,-1.807032,-1.834564,-1.864571,-1.828042,-1.821254,-1.830059,-1.963483,-1.608500,-1.617342,-1.680827,-1.976877,-1.429517,-1.906354,-1.813412,-1.861621,-1.927770,-1.981616,-1.819058,-1.903701,-1.745323,-1.395768,-1.473545,-1.581937,-1.780628,-1.884334,-1.943129,-1.978407,-1.839102,-1.876525,-1.989488,-1.803591,-1.727325,-1.731934,-1.796139,-1.723553,-1.806683,-1.828417,-1.616056,-1.874589,-1.737134,-1.920803,-1.842301,-1.175463,-1.344972,-1.710182,0.000000
0.000000,-1.963091,-1.918212,-1.509945,-1.733068,-1.697150,-1.740183,-1.649795,-1.957629,-1.818218,-1.639498,-1.981988,-1.627414,-1.885734,-1.754183,-1.952368,-1.879538,-1.868433,-1.824367,-1.996015,-1.762889,-1.920780,-1.980074,-1.917756,-1.771430,-1.625431,-1.754349,-1.900034,-1.792596,-1.935213,-1.883005,-1.779242,-1.836060,-1.987473,-1.282187,-1.599146,-1.855096,-1.927283,-1.881116,-1.769210,-1.865126,-1.803013,-1.787049,-1.845544,-1.792445,-1.848466,-1.959456,-1.646415,-1.894616,-1.892459,-1.941985,-1.869347,-1.895077,-1.773132,-1.867540,-1.807032,-1.634386,-1.842801,-1.828042,-1.821254,-1.830059,-1.998157,-1.608500,-1.758901,-1.649738,-1.440806,-1.429517,-1.906354,-1.813412,-1.977726,-1.949358,-1.981616,-1.739197,-1.680165,-1.480106,-1.984016,-1.946449,-1.801073,-1.780628,-1.654584,-1.943129,-1.978407,-1.839102,-1.876525,-1.989488,-1.895178,-1.727325,-1.731934,-1.873068,-1.723553,-1.954504,-1.828417,-1.616056,-1.897611,-1.977289,-1.920803,-1.520255,-1.394895,-1.133900,-1.759863,0.000000
0.000000,-1.963091,-1.687210,-1.743219,-1.733068,-1.793206,-1.606215,-1.649795,-1.986158,-1.818218,-1.965160,-1.152455,-1.627414,-1.885734,-1.871410,-1.952368,-1.879538,-1.808889,-1.949408,-1.956515,-1.762889,-1.920780,-1.980074,-1.859951,-1.670752,-1.890360,-1.754349,-1.900034,-1.792596,-1.935213,-1.883005,-1.857460,-1.925806,-1.904771,-1.310904,-1.907174,-1.855096,-1.927283,-1.881116,-1.638039,-1.749095,-1.803013,-1.962919,-1.845544,-1.792445,-1.848466,-1.664428,-1.646415,-1.841728,-1.892459,-1.941985,-1.869347,-1.895077,-1.906258,-1.867540,-1.629679,-1.634386,-1.995945,-1.828042,-1.821254,-1.830059,-1.943498,-1.845844,-1.953156,-1.649738,-1.639850,-1.716549,-1.586137,-1.813412,-1.977726,-1.949358,-1.981616,-1.640083,-1.828587,-1.480106,-1.957152,-1.974191,-1.894999,-1.917689,-1.825552,-1.943129,-1.863568,-1.986974,-1.944211,-1.989488,-1.858810,-1.725099,-1.604456,-1.852799,-1.862930,-1.954504,-1.778450,-1.688873,-1.957920,-1.977289,-1.512429,-1.977422,-1.990087,-1.133900,-1.026569,0.000000
0.000000,-1.963091,-1.588223,-1.743219,-1.850152,-1.793206,-1.831018,-1.942336,-1.900707,-1.818218,-1.262773,-1.152455,-1.893095,-1.698870,-1.831333,-1.952368,-1.904849,-1.808889,-1.767708,-1.646342,-1.762889,-1.920780,-1.980074,-1.886460,-1.670752,-1.890360,-1.930901,-1.868810,-1.792596,-1.998240,-1.883005,-1.857460,-1.925806,-1.904771,-1.310904,-1.871711,-1.855096,-1.937088,-1.635551,-1.638039,-1.749095,-1.803013,-1.962919,-1.706075,-1.995280,-1.848466,-1.689465,-1.883397,-1.841728,-1.892459,-1.941985,-1.869347,-1.895077,-1.726306,-1.497867,-1.629679,-1.634386,-1.669826,-1.828042,-1.975631,-1.886117,-1.816202,-1.845844,-1.585364,-1.649738,-1.807390,-1.716549,-1.586137,-1.813412,-1.977726,-1.949358,-1.910323,-1.856303,-1.580149,-1.480106,-1.957152,-1.974191,-1.974704,-1.926706,-1.825552,-1.943129,-1.863568,-1.986974,-1.944211,-1.989488,-1.612772,-1.725099,-1.845614,-1.852799,-1.862930,-1.954504,-1.797691,-1.688873,-1.957920,-1.217533,-1.512429,-1.947663,-1.991346,-1.884635,-1.920989,0.000000
0.000000,-1.963091,-1.868341,-1.630268,-1.992997,-1.866225,-1.831018,-1.961202,-1.938208,-1.515584,-1.947665,-1.898496,-1.893095,-1.589921,-1.831333,-1.893302,-1.870738,-1.606984,-1.620858,-1.646342,-1.762889,-1.843855,-1.817505,-1.716864,-1.778707,-1.984998,-1.617099,-1.868810,-1.792596,-1.698506,-1.995732,-1.857460,-1.925806,-1.904771,-1.310904,-1.871711,-1.855096,-1.937088,-1.635551,-1.638039,-1.849078,-1.852775,-1.962919,-1.975554,-1.995280,-1.652699,-1.689465,-1.530389,-1.888781,-1.802379,-1.836342,-1.869347,-1.926099,-1.494474,-1.497867,-1.629679,-1.634386,-1.669826,-1.810514,-1.986979,-1.886117,-1.803840,-1.861147,-1.649381,-1.938722,-1.807390,-1.716549,-1.857312,-1.891342,-1.977726,-1.949358,-1.910323,-1.903111,-1.921590,-1.480106,-1.957152,-1.974191,-1.974704,-1.926706,-1.831976,-1.943129,-1.863568,-1.979716,-1.944211,-1.896215,-1.764301,-1.725099,-1.934906,-1.895472,-1.862930,-1.838998,-1.770509,-1.603935,-1.891091,-1.330554,-1.512429,-1.947663,-1.991346,-1.884635,-1.587970,0.000000
0.000000,-1.885905,-1.868341,-1.630268,-1.992997,-1.505338,-1.606920,-1.872561,-1.552403,-1.488428,-1.947665,-1.898496,-1.893095,-1.589921,-1.831333,-1.891789,-1.962723,-1.606984,-1.622441,-1.851082,-1.762889,-1.711127,-1.662505,-1.845911,-1.778707,-1.984998,-1.860843,-1.904234,-1.704145,-1.698506,-1.995732,-1.857460,-1.925806,-1.904771,-1.785870,-1.871711,-1.855096,-1.937088,-1.635551,-1.638039,-1.849078,-1.852775,-1.962919,-1.975554,-1.984871,-1.907230,-1.689465,-1.530389,-1.888781,-1.945373,-1.936377,-1.869347,-1.424070,-1.567350,-1.451192,-1.986520,-1.701661,-1.669826,-1.847630,-1.986979,-1.886117,-1.803840,-1.827255,-1.649381,-1.938722,-1.729721,-1.716549,-1.857312,-1.891342,-1.977726,-1.869551,-1.841459,-1.903111,-1.932020,-1.802768,-1.935804,-1.974191,-1.859790,-1.926706,-1.958953,-1.943129,-1.863568,-1.979716,-1.811935,-1.866591,-1.872540,-1.810269,-1.934906,-1.965311,-1.870042,-1.625950,-1.893742,-1.603935,-1.347284,-1.330554,-1.512429,-1.947663,-1.991346,-1.471459,-1.353486,0.000000
0.000000,-1.857839,-1.783410,-1.630268,-1.632118,-1.745168,-1.855985,-1.926623,-1.552403,-1.993625,-1.946721,-1.898496,-1.893095,-1.589921,-1.831333,-1.891789,-1.914154,-1.587211,-1.622441,-1.784808,-1.927508,-1.778430,-1.978404,-1.896541,-1.905026,-1.984998,-1.860843,-1.916382,-1.767815,-1.698506,-1.833048,-1.857460,-1.669109,-1.713960,-1.993163,-1.965599,-1.855096,-1.937088,-1.635551,-1.638039,-1.849078,-1.852775,-1.962919,-1.975554,-1.886761,-1.907230,-1.689465,-1.948535,-1.888781,-1.942321,-1.936377,-1.663764,-1.843354,-1.930215,-1.986590,-1.986520,-1.767861,-1.669826,-1.847630,-1.936956,-1.977392,-1.919511,-1.827255,-1.649381,-1.829228,-1.729721,-1.716549,-1.857312,-1.891342,-1.990032,-1.845153,-1.841459,-1.959518,-1.932020,-1.912357,-1.935804,-1.974191,-1.988553,-1.976698,-1.958953,-1.907627,-1.979092,-1.702402,-1.811935,-1.866591,-1.866771,-1.991027,-1.934906,-1.664894,-1.983912,-1.875726,-1.893742,-1.908151,-1.834842,-1.696174,-1.512429,-1.947663,-0.661869,-0.683296,-0.027481,0.000000
0.000000,-1.872504,-1.817062,-1.630268,-1.632118,-1.745168,-1.855985,-1.620299,-1.552403,-1.993625,-1.946721,-1.978556,-1.691814,-1.958244,-1.831333,-1.813604,-1.830252,-1.985181,-1.758055,-1.851665,-1.927508,-1.778430,-1.948068,-1.896541,-1.905026,-1.984998,-1.967306,-1.900688,-1.767815,-1.992673,-1.833048,-1.857460,-1.870651,-1.713960,-1.842925,-1.965599,-1.855096,-1.839466,-1.995265,-1.638039,-1.849078,-1.914200,-1.850908,-1.975554,-1.886761,-1.716544,-1.689465,-1.847018,-1.926950,-1.654168,-1.936377,-1.663764,-1.843354,-1.930215,-1.986590,-1.986520,-1.576145,-1.669826,-1.943191,-1.936956,-1.977392,-1.919511,-1.946894,-1.986715,-1.829228,-1.729721,-1.716549,-1.857312,-1.957865,-1.990032,-1.815908,-1.841459,-1.889347,-1.892360,-1.912357,-1.996653,-1.974191,-1.988553,-1.958247,-1.704089,-1.907627,-1.979092,-1.938548,-1.811935,-1.948324,-1.866771,-1.996246,-1.785123,-1.664894,-1.712869,-1.592217,-1.893742,-1.908151,-1.834842,-1.696174,-1.512429,-1.947663,-1.696182,-1.567256,-0.440885,0.000000
0.000000,-1.796173,-1.817062,-1.589760,-1.896161,-1.745168,-1.855985,-1.754473,-1.552403,-1.785387,-1.946721,-1.900582,-1.691814,-1.916994,-1.697991,-1.813604,-1.830252,-1.969739,-1.758055,-1.851665,-1.927508,-1.778430,-1.526472,-1.793906,-1.905026,-1.984998,-1.967306,-1.918129,-1.767815,-1.845382,-1.833048,-1.858661,-1.809521,-1.713960,-1.974938,-1.965599,-1.894886,-1.598543,-1.628544,-1.638039,-1.877187,-1.951648,-1.666351,-1.942984,-1.886761,-1.739189,-1.689465,-1.847018,-1.952815,-1.513665,-1.849656,-1.663764,-1.843354,-1.930215,-1.848752,-1.878780,-1.902567,-1.669826,-1.943191,-1.936956,-1.997087,-1.919511,-1.946894,-1.949656,-1.970658,-1.729721,-1.716549,-1.969988,-1.957865,-1.989287,-1.934320,-1.913918,-1.988533,-1.977062,-1.912357,-1.996653,-1.974191,-1.991266,-1.757816,-1.704089,-1.907627,-1.959004,-1.878723,-1.811935,-1.818951,-1.866771,-1.928927,-1.973763,-1.865394,-1.712869,-1.677184,-1.906868,-1.908151,-1.834842,-1.780448,-1.512429,-1.947663,-1.647567,-0.579053,-0.764880,0.000000
0.000000,-1.948922,-1.817062,-1.589760,-1.896161,-1.745168,-1.883902,-1.684295,-1.552403,-1.785387,-1.941602,-1.957129,-1.817620,-1.775223,-1.697991,-1.813604,-1.830252,-1.969739,-1.758055,-1.959799,-1.927508,-1.967073,-1.888295,-1.983637,-1.905026,-1.984998,-1.967306,-1.832164,-1.972860,-1.845382,-1.833048,-1.858661,-1.792452,-1.713960,-1.974938,-1.850705,-1.617099,-1.888589,-1.987277,-1.638039,-1.518715,-1.806171,-1.666351,-1.981752,-1.754280,-1.954612,-1.877811,-1.847018,-1.923749,-1.817058,-1.764843,-1.740709,-1.877959,-1.957018,-1.848752,-1.927717,-1.902567,-1.624709,-1.939547,-1.936956,-1.997087,-1.919511,-1.937695,-1.949656,-1.805284,-1.912140,-1.716549,-1.969988,-1.957865,-1.989287,-1.887950,-1.913918,-1.952764,-1.977062,-1.912357,-1.996653,-1.976207,-1.991266,-1.770387,-1.740379,-1.960191,-1.959004,-1.938738,-1.811935,-1.818951,-1.866771,-1.928927,-1.973763,-1.865394,-1.502082,-1.677184,-1.769189,-1.908151,-1.645612,-1.780448,-1.512429,-1.924568,-1.864567,-1.524653,-1.168008,0.000000
0.000000,-1.485244,-1.475825,-1.669586,-1.737774,-1.745168,-1.707278,-1.488566,-1.552403,-1.785387,-1.941602,-1.957129,-1.817620,-1.693091,-1.946590,-1.813604,-1.933212,-1.969739,-1.976498,-1.592156,-1.927508,-1.967073,-1.886272,-1.983637,-1.905026,-1.984998,-1.627914,-1.822458,-1.811573,-1.794444,-1.902701,-1.922922,-1.615553,-1.713960,-1.971086,-1.667702,-1.759650,-1.706205,-1.972219,-1.936786,-1.518715,-1.806171,-1.890661,-1.805695,-1.754280,-1.979067,-1.851268,-1.847018,-1.682415,-1.828603,-1.764843,-1.968852,-1.877959,-1.957018,-1.878691,-1.930075,-1.875423,-1.624709,-1.939547,-1.936956,-1.997087,-1.919511,-1.937964,-1.965209,-1.629467,-1.743513,-1.716549,-1.915078,-1.957865,-1.989287,-1.887950,-1.913918,-1.952764,-1.977062,-1.912357,-1.996653,-1.976207,-1.991266,-1.737131,-1.871897,-1.960191,-1.912577,-1.938738,-1.959022,-1.818951,-1.866771,-1.928927,-1.945440,-1.555594,-1.502082,-1.930578,-1.922592,-1.556136,-1.645612,-1.556267,-1.837208,-1.924568,-0.989599,-0.713050,-0.897196,0.000000
0.000000,-1.907382,-1.475825,-1.882543,-1.801874,-1.799377,-1.454436,-1.488566,-1.994381,-1.785387,-1.941602,-1.957129,-1.874269,-1.693091,-1.946590,-1.813604,-1.933212,-1.766534,-1.820473,-1.592156,-1.927508,-1.779750,-1.789466,-1.983637,-1.905026,-1.648899,-1.911898,-1.804743,-1.811573,-1.794444,-1.702785,-1.778651,-1.716691,-1.713960,-1.744555,-1.667702,-1.759650,-1.871362,-1.992080,-1.936786,-1.868141,-1.806171,-1.203974,-1.693978,-1.754280,-1.973220,-1.512241,-1.627623,-1.813574,-1.924793,-1.764843,-1.968852,-1.877959,-1.957018,-1.869650,-1.922599,-1.605724,-1.937986,-1.939547,-1.795624,-1.960095,-1.778541,-1.991498,-1.965209,-1.801875,-1.856068,-1.716549,-1.915078,-1.988551,-1.987621,-1.887950,-1.913918,-1.927936,-1.800124,-1.912357,-1.996653,-1.976207,-1.596716,-1.562020,-1.871897,-1.960191,-1.912577,-1.870438,-1.959022,-1.818951,-1.802028,-1.928927,-1.945440,-1.981370,-1.502082,-1.974761,-1.932618,-1.863980,-1.812177,-1.777475,-1.950701,-1.744657,-0.984763,-0.713050,0.026999,0.000000
0.000000,-1.774649,-1.475825,-1.882543,-1.801874,-1.709846,-1.497330,-1.488566,-1.994381,-1.874758,-1.941602,-1.957129,-1.706087,-1.693091,-1.773799,-1.813604,-1.682725,-1.952436,-1.810856,-1.592156,-1.927508,-1.779750,-1.789466,-1.985520,-1.640214,-1.648899,-1.932140,-1.804743,-1.892493,-1.794444,-1.718454,-1.778651,-1.716691,-1.713960,-1.744555,-1.685812,-1.789712,-1.871362,-1.987437,-1.936786,-1.994123,-1.807596,-1.203974,-1.726056,-1.754280,-1.679986,-1.512241,-1.934548,-1.813574,-1.908715,-1.764843,-1.968852,-1.877959,-1.957018,-1.560402,-1.851234,-1.605724,-1.937986,-1.939547,-1.973713,-1.960095,-1.778541,-1.716754,-1.628886,-1.456658,-1.979010,-1.835747,-1.853178,-1.972757,-1.882956,-1.887950,-1.966429,-1.910633,-1.809516,-1.912357,-1.766732,-1.751697,-1.467631,-1.562020,-1.871897,-1.960191,-1.912577,-1.851523,-1.959022,-1.958905,-1.802028,-1.928927,-1.945440,-1.981370,-1.915993,-1.974761,-1.829900,-1.863980,-1.812177,-1.777475,-1.905783,-1.903997,-1.633133,-1.308730,-1.317396,0.000000
0.000000,-1.774649,-1.475825,-1.911124,-1.801874,-1.592548,-1.871512,-1.488566,-1.994381,-1.961867,-1.846743,-1.708776,-1.889432,-1.626184,-1.773799,-1.813604,-1.682725,-1.952436,-1.962419,-1.968418,-1.874452,-1.779750,-1.789466,-1.694277,-1.640214,-1.648899,-1.932140,-1.804743,-1.416189,-1.663548,-1.718454,-1.778651,-1.702786,-1.957592,-1.744555,-1.857562,-1.842462,-1.871362,-1.987437,-1.977950,-1.994123,-1.743845,-1.203974,-1.954867,-1.797074,-1.693453,-1.512241,-1.934548,-1.813574,-1.928255,-1.997461,-1.968852,-1.877959,-1.957018,-1.732652,-1.851234,-1.605724,-1.937986,-1.871112,-1.973713,-1.849214,-1.778541,-1.625219,-1.628886,-1.456658,-1.979010,-1.967807,-1.853178,-1.972757,-1.882956,-1.887950,-1.966429,-1.910633,-1.809516,-1.747330,-1.766732,-1.751697,-1.306720,-1.991917,-1.947273,-1.960191,-1.696198,-1.851523,-1.959022,-1.958905,-1.802028,-1.856614,-1.945440,-1.981370,-1.915993,-1.974761,-1.829900,-1.863980,-1.812177,-1.969373,-1.905783,-1.999629,-1.720767,-1.569673,-0.673684,0.000000
0.000000,-1.585749,-1.475825,-1.911124,-1.660629,-1.855142,-1.968417,-1.488566,-1.994381,-1.704290,-1.819246,-1.708776,-1.889432,-1.873100,-1.951806,-1.813604,-1.902139,-1.952436,-1.962419,-1.968418,-1.912888,-1.779750,-1.523496,-1.694277,-1.828015,-1.648899,-1.975367,-1.406273,-1.416189,-1.663548,-1.925909,-1.959389,-1.702786,-1.769091,-1.885991,-1.972687,-1.964815,-1.925602,-1.987437,-1.977950,-1.560565,-1.712722,-1.203974,-1.860877,-1.797074,-1.835681,-1.990053,-1.934548,-1.872011,-1.928255,-1.886466,-1.968852,-1.877959,-1.957018,-1.961322,-1.825780,-1.605724,-1.937986,-1.779694,-1.996047,-1.849214,-1.758615,-1.453559,-1.752919,-1.456658,-1.903585,-1.824585,-1.853178,-1.972757,-1.882956,-1.887950,-1.966429,-1.910633,-1.779552,-1.747330,-1.645583,-1.363300,-1.306720,-1.991917,-1.947273,-1.960191,-1.696198,-1.972222,-1.959022,-1.850714,-1.797686,-1.856614,-1.945440,-1.981370,-1.915993,-1.974761,-1.829900,-1.863980,-1.812177,-1.969373,-1.905783,-1.916293,-1.634095,-1.465501,-1.888991,0.000000
0.000000,-1.249242,-1.475825,-1.911124,-1.950308,-1.855142,-1.968417,-1.488566,-1.994381,-1.704290,-1.819246,-1.708776,-1.889432,-1.873100,-1.817121,-1.813604,-1.902139,-1.952436,-1.962419,-1.968418,-1.868503,-1.890328,-1.731885,-1.694277,-1.777660,-1.648899,-1.975367,-1.847977,-1.416189,-1.890221,-1.925909,-1.959389,-1.769975,-1.769091,-1.885991,-1.972687,-1.964815,-1.889691,-1.987437,-1.833732,-1.970439,-1.815207,-1.708939,-1.945028,-1.797074,-1.835681,-1.795476,-1.950078,-1.872011,-1.928255,-1.886466,-1.968852,-1.877959,-1.752992,-1.594493,-1.916705,-1.605724,-1.934073,-1.723754,-1.996047,-1.849214,-1.610970,-1.453559,-1.970178,-1.924557,-1.988160,-1.824585,-1.853178,-1.972757,-1.882956,-1.887950,-1.921952,-1.910633,-1.985269,-1.774315,-1.737968,-1.363300,-1.952546,-1.991917,-1.947273,-1.960191,-1.815811,-1.812307,-1.959022,-1.959768,-1.797686,-1.856614,-1.945440,-1.889996,-1.900812,-1.590289,-1.829900,-1.863980,-1.825982,-1.922867,-1.905783,-1.914171,-1.825783,-1.913648,-0.020515,0.000000
0.000000,-1.998293,-1.823093,-1.911124,-1.836734,-1.855142,-1.855218,-1.488566,-1.994381,-1.822835,-1.819246,-1.820593,-1.860902,-1.873100,-1.866547,-1.948117,-1.902139,-1.952436,-1.952208,-1.715367,-1.868503,-1.733582,-1.731885,-1.694277,-1.777660,-1.648899,-1.938552,-1.847977,-1.416189,-1.890221,-1.925909,-1.899460,-1.746547,-1.769091,-1.885991,-1.972687,-1.964815,-1.889691,-1.987437,-1.976422,-1.863260,-1.718787,-1.708939,-1.954783,-1.797074,-1.931548,-1.795476,-1.968454,-1.949767,-1.928255,-1.886466,-1.968852,-1.805128,-1.747076,-1.837885,-1.759130,-1.821600,-1.899831,-1.723754,-1.872136,-1.543532,-1.756889,-1.453559,-1.992773,-1.924557,-1.988160,-1.824585,-1.853178,-1.972757,-1.824635,-1.887950,-1.678737,-1.910633,-1.237806,-1.325645,-1.998747,-1.973235,-1.952546,-1.730124,-1.947273,-1.960191,-1.815811,-1.812307,-1.959022,-1.959768,-1.932602,-1.856614,-1.945440,-1.889996,-1.587993,-1.590289,-1.829900,-1.863980,-1.825982,-1.738590,-1.905783,-1.914171,-1.491618,-1.307366,-0.036153,0.000000
0.000000,-1.858675,-1.823093,-1.870163,-1.836734,-1.855142,-1.855218,-1.488566,-1.994381,-1.822835,-1.819246,-1.901115,-1.860902,-1.873100,-1.866547,-1.621749,-1.902139,-1.818837,-1.665039,-1.715367,-1.756051,-1.733582,-1.840634,-1.986248,-1.777660,-1.891113,-1.938552,-1.895144,-1.416189,-1.890221,-1.925909,-1.896717,-1.746547,-1.769091,-1.885991,-1.972687,-1.964815,-1.889691,-1.987437,-1.976422,-1.863260,-1.718787,-1.779711,-1.650960,-1.797074,-1.937095,-1.795476,-1.968454,-1.949767,-1.928255,-1.969568,-1.867279,-1.704151,-1.747076,-1.837885,-1.759130,-1.821600,-1.845875,-1.723754,-1.602624,-1.848250,-1.806626,-1.453559,-1.992773,-1.924557,-1.935713,-1.824585,-1.853178,-1.800936,-1.824635,-1.887950,-1.678737,-1.875067,-1.799021,-1.325645,-1.998747,-1.685103,-1.952546,-1.730124,-1.885997,-1.960191,-1.833151,-1.812307,-1.959022,-1.946566,-1.908966,-1.856614,-1.945440,-1.805400,-1.587993,-1.796785,-1.842714,-1.982064,-1.825982,-1.738590,-1.930112,-1.715893,-1.491618,-1.173744,-1.740446,0.000000
0.000000,-1.939964,-1.823093,-1.355450,-1.471491,-1.855142,-1.792105,-1.989189,-1.718837,-1.822824,-1.819246,-1.947230,-1.819189,-1.873100,-1.988895,-1.621749,-1.977724,-1.818837,-1.665039,-1.956671,-1.752943,-1.733582,-1.840634,-1.986248,-1.980388,-1.914649,-1.971710,-1.580186,-1.950238,-1.890221,-1.925909,-1.640370,-1.746547,-1.946723,-1.806187,-1.719339,-1.964815,-1.571567,-1.987437,-1.903174,-1.714652,-1.718787,-1.801717,-1.650960,-1.977346,-1.937095,-1.795476,-1.968454,-1.949767,-1.886430,-1.969568,-1.929980,-1.644170,-1.842089,-1.837885,-1.759130,-1.821600,-1.621149,-1.879053,-1.945938,-1.815899,-1.806626,-1.453559,-1.992773,-1.924557,-1.935731,-1.824585,-1.870332,-1.800936,-1.946327,-1.591840,-1.903414,-1.823315,-1.799021,-1.325645,-1.988932,-1.685103,-1.854122,-1.730124,-1.885997,-1.960191,-1.833151,-1.812307,-1.959022,-1.991395,-1.797165,-1.856614,-1.946193,-1.805400,-1.967268,-1.796785,-1.842714,-1.982064,-1.901831,-1.855390,-1.918201,-1.715893,-1.873802,-1.174352,-0.500598,0.000000
0.000000,-1.659539,-1.823093,-1.853729,-1.905436,-1.855142,-1.846822,-1.858169,-1.718837,-1.964760,-1.819246,-1.844841,-1.488216,-1.497504,-1.549396,-1.719270,-1.977724,-1.818837,-1.665039,-1.956671,-1.963938,-1.610521,-1.840634,-1.986248,-1.980388,-1.817317,-1.363327,-1.580186,-1.995027,-1.692856,-1.989138,-1.783147,-1.812706,-1.850352,-1.851426,-1.719339,-1.964815,-1.571567,-1.801039,-1.903174,-1.994906,-1.951701,-1.873094,-1.958026,-1.947142,-1.937095,-1.795476,-1.790097,-1.831395,-1.886430,-1.599438,-1.521975,-1.644170,-1.893274,-1.857721,-1.825052,-1.821600,-1.574692,-1.879053,-1.945938,-1.969530,-1.762499,-1.453559,-1.809644,-1.924557,-1.752404,-1.838082,-1.870332,-1.800936,-1.892431,-1.875165,-1.833385,-1.745048,-1.827491,-1.679707,-1.923802,-1.838576,-1.984011,-1.934757,-1.885997,-1.960191,-1.558093,-1.812307,-1.959022,-1.923457,-1.894011,-1.950836,-1.946193,-1.805400,-1.645007,-1.796785,-1.842714,-1.982064,-1.901831,-1.855390,-1.486715,-1.439550,-1.442106,-1.430394,-0.769905,0.000000
0.000000,-1.659539,-1.823093,-1.593765,-1.990336,-1.994105,-1.846822,-1.858169,-1.718837,-1.749296,-1.066529,-1.502181,-1.999606,-1.980471,-1.549396,-1.963442,-1.983359,-1.818837,-1.997166,-1.949580,-1.998103,-1.942797,-1.840634,-1.986248,-1.980388,-1.817317,-1.984295,-1.580186,-1.685643,-1.692856,-1.989138,-1.869889,-1.817838,-1.850352,-1.831029,-1.788556,-1.688605,-1.935755,-1.801039,-1.903174,-1.994906,-1.951701,-1.873094,-1.958026,-1.881595,-1.778333,-1.795476,-1.790097,-1.831395,-1.758332,-1.448801,-1.894183,-1.644170,-1.686305,-1.857721,-1.825052,-1.969957,-1.882204,-1.879053,-1.932048,-1.903390,-1.813643,-1.410960,-1.707868,-1.962569,-1.854473,-1.838082,-1.987875,-1.800936,-1.892431,-1.875165,-1.833385,-1.745048,-1.827491,-1.679707,-1.514271,-1.838576,-1.984011,-1.867734,-1.720425,-1.704940,-1.800154,-1.812307,-1.959022,-1.923457,-1.894011,-1.873993,-1.885690,-1.805400,-1.834439,-1.796785,-1.842714,-1.982064,-1.701262,-1.419334,-1.733764,-1.439550,-1.582844,-0.666830,-1.039258,0.000000
0.000000,-1.659539,-1.934512,-1.994320,-1.990336,-1.881798,-1.846822,-1.860705,-1.801374,-1.335388,-1.066529,-1.957769,-1.469216,-1.583551,-1.801312,-1.963442,-1.928425,-1.818837,-1.997166,-1.949580,-1.998103,-1.942797,-1.840634,-1.986248,-1.980388,-1.856320,-1.881568,-1.580186,-1.869080,-1.692856,-1.989138,-1.853164,-1.817838,-1.897624,-1.831029,-1.796349,-1.688605,-1.935755,-1.930707,-1.903174,-1.994906,-1.890238,-1.873094,-1.837084,-1.754519,-1.916603,-1.795476,-1.962050,-1.644077,-1.858809,-1.448801,-1.894183,-1.994148,-1.686305,-1.857721,-1.825052,-1.969957,-1.882204,-1.918502,-1.932048,-1.732361,-1.747199,-1.757902,-1.830024,-1.962569,-1.861192,-1.868773,-1.987875,-1.800936,-1.895654,-1.875165,-1.877938,-1.745048,-1.827491,-1.679707,-1.514271,-1.830922,-1.755808,-1.724444,-1.720425,-1.889201,-1.800154,-1.812307,-1.895554,-1.923457,-1.996512,-1.869510,-1.749008,-1.805400,-1.834439,-1.863223,-1.842714,-1.982064,-1.687942,-1.419334,-1.737617,-1.425060,-1.010879,-1.085239,-0.535092,0.000000
0.000000,-1.870134,-1.934512,-1.994320,-1.990336,-1.881798,-1.942732,-1.860705,-1.293806,-1.335388,-1.990900,-1.908067,-1.469216,-1.583551,-1.870555,-1.963442,-1.928425,-1.818837,-1.997166,-1.949580,-1.998103,-1.990120,-1.881574,-1.986248,-1.980388,-1.856320,-1.897054,-1.973035,-1.665587,-1.942018,-1.989138,-1.917063,-1.820229,-1.927884,-1.692026,-1.701130,-1.972325,-1.425039,-1.147460,-1.973155,-1.994906,-1.890238,-1.873094,-1.837084,-1.916067,-1.916603,-1.795476,-1.962050,-1.644077,-1.858809,-1.978289,-1.824173,-1.977670,-1.648995,-1.857721,-1.825052,-1.969957,-1.882204,-1.961629,-1.999740,-1.732361,-1.747199,-1.785904,-1.830024,-1.962569,-1.861192,-1.868773,-1.987875,-1.800936,-1.831330,-1.889575,-1.955222,-1.891446,-1.861351,-1.744026,-1.789164,-1.677762,-1.755808,-1.724444,-1.971469,-1.889201,-1.800154,-1.812307,-1.895554,-1.923457,-1.993089,-1.912534,-1.749008,-1.805400,-1.925219,-1.925294,-1.933197,-1.546844,-1.730565,-1.419334,-1.921782,-1.674985,-1.848629,-1.716105,-0.033881,0.000000
0.000000,-1.969294,-1.934512,-1.994320,-1.632783,-1.881798,-1.757269,-1.847632,-1.976088,-1.335388,-1.990900,-1.749862,-1.719025,-1.583551,-1.870555,-1.895077,-1.928425,-1.818837,-1.967405,-1.949580,-1.998103,-1.990120,-1.881574,-1.986248,-1.980388,-1.856320,-1.897054,-1.720166,-1.665587,-1.942018,-1.989138,-1.917063,-1.951241,-1.723424,-1.692026,-1.622315,-1.700284,-1.667407,-1.147460,-1.973155,-1.943148,-1.890238,-1.873094,-1.837084,-1.916067,-1.916603,-1.795476,-1.962050,-1.875474,-1.858809,-1.978289,-1.824173,-1.810933,-1.648995,-1.988352,-1.979382,-1.969957,-1.882204,-1.961629,-1.999740,-1.723711,-1.747199,-1.713321,-1.947934,-1.962569,-1.861192,-1.868773,-1.987875,-1.847388,-1.831330,-1.889575,-1.888057,-1.910364,-1.861351,-1.903106,-1.901541,-1.849375,-1.813570,-1.760704,-1.971469,-1.882075,-1.800154,-1.735405,-1.895554,-1.923457,-1.782482,-1.994951,-1.749008,-1.805400,-1.925219,-1.864468,-1.864742,-1.723005,-1.336415,-1.990262,-1.921782,-1.867307,-1.894958,-1.233406,-0.488652,0.000000
0.000000,-1.969294,-1.934512,-1.841311,-1.632783,-1.899188,-1.887323,-1.847632,-1.673202,-1.335388,-1.990900,-1.799731,-1.814701,-1.583551,-1.951772,-1.895077,-1.805399,-1.853247,-1.967405,-1.949580,-1.998103,-1.990120,-1.881574,-1.986248,-1.980388,-1.962512,-1.807929,-1.762243,-1.665587,-1.942018,-1.989138,-1.917063,-1.951241,-1.696286,-1.692026,-1.811712,-1.926013,-1.174038,-1.147460,-1.973155,-1.943148,-1.890238,-1.759689,-1.837084,-1.916067,-1.852040,-1.795476,-1.969931,-1.875474,-1.676513,-1.875629,-1.824173,-1.810933,-1.648995,-1.870928,-1.575364,-1.969957,-1.882204,-1.961629,-1.999740,-1.989069,-1.892110,-1.975787,-1.871401,-1.962569,-1.861192,-1.868773,-1.987875,-1.847388,-1.889342,-1.854243,-1.888057,-1.723578,-1.919176,-1.975560,-1.732427,-1.598725,-1.813570,-1.984583,-1.971469,-1.942780,-1.924570,-1.812582,-1.895554,-1.923457,-1.782482,-1.993752,-1.687110,-1.767523,-1.796082,-1.980390,-1.796086,-1.710565,-1.336415,-1.990262,-1.921782,-1.759367,-0.566923,-0.231264,-1.869854,0.000000
0.000000,0.000000,0.000000,0.000000,0.000000,0.000000,0.000000,0.000000,0.000000,0.000000,0.000000,0.000000,0.000000,0.000000,0.000000,0.000000,0.000000,-nan,-17859438578036802867451788386630974379446993779828813104587593579751447596046249945380791916398739123936166120443432989843914537369666621892625918381004439147207671285865835838306483454076244290953372451024454414463144101367741686031493801470894405129859745049179912791978695633398263797323584925335552.000000,0.000000,0.000000,-nan,0.000000,0.000000,0.000000,-nan,0.000000,0.000000,0.000000,0.000000,0.000000,0.000000,0.000000,0.000000,0.000000,0.000000,0.000000,0.000000,0.000000,0.000000,0.000000,0.000000,0.000000,0.000000,0.000000,0.000000,0.000000,0.000000,0.000000,0.000000,0.000000,0.000000,0.000000,0.000000,0.000000,0.000000,0.000000,0.000000,0.000000,0.000000,0.000000,0.000000,0.000000,0.000000,0.000000,0.000000,0.000000,0.000000,0.000000,0.000000,0.000000,0.000000,0.000000,0.000000,0.000000,0.000000,0.000000,0.000000,0.000000,0.000000,0.000000,0.000000,0.000000,0.000000,0.000000,0.000000,0.000000,0.000000,0.000000,0.000000,0.000000,0.000000,0.000000,0.000000,0.000000,0.000000,0.000000,0.000000,0.000000,0.000000,0.000000
0.000000,0.000000,0.000000,0.000000,0.000000,0.000000,0.000000,0.000000,0.000000,0.000000,0.000000,0.000000,0.000000,0.000000,0.000000,0.000000,0.000000,0.000000,0.000000,0.000000,0.000000,0.000000,0.000000,0.000000,0.000000,0.000000,0.000000,0.000000,0.000000,0.000000,0.000000,0.000000,0.000000,0.000000,0.000000,0.000000,0.000000,0.000000,0.000000,0.000000,0.000000,0.000000,0.000000,0.000000,0.000000,0.000000,0.000000,0.000000,0.000000,0.000000,0.000000,0.000000,0.000000,0.000000,0.000000,0.000000,0.000000,0.000000,0.000000,0.000000,0.000000,0.000000,0.000000,0.000000,0.000000,0.000000,0.000000,0.000000,0.000000,0.000000,0.000000,0.000000,0.000000,0.000000,0.000000,0.000000,0.000000,0.000000,0.000000,0.000000,0.000000,0.000000,0.000000,0.000000,0.000000,0.000000,0.000000,0.000000,0.000000,0.000000,0.000000,0.000000,0.000000,0.000000,0.000000,0.000000,0.000000,0.000000,0.000000,0.000000,0.000000
